
{
  "header": {
    "reportVersion": 1,
    "event": "Allocation failed - JavaScript heap out of memory",
    "trigger": "FatalError",
    "filename": "report.20191211.185709.16676.0.001.json",
    "dumpEventTime": "2019-12-11T18:57:09Z",
    "dumpEventTimeStamp": "1576112229560",
    "processId": 16676,
    "cwd": "C:\\Users\\kumar\\Desktop\\CodeX\\code-interview\\_interview\\vmware",
    "commandLine": [
      "C:\\Program Files\\nodejs\\node.exe",
      "product-array.ts"
    ],
    "nodejsVersion": "v12.13.1",
    "wordSize": 64,
    "arch": "x64",
    "platform": "win32",
    "componentVersions": {
      "node": "12.13.1",
      "v8": "7.7.299.13-node.16",
      "uv": "1.33.1",
      "zlib": "1.2.11",
      "brotli": "1.0.7",
      "ares": "1.15.0",
      "modules": "72",
      "nghttp2": "1.39.2",
      "napi": "5",
      "llhttp": "1.1.4",
      "http_parser": "2.8.0",
      "openssl": "1.1.1d",
      "cldr": "35.1",
      "icu": "64.2",
      "tz": "2019c",
      "unicode": "12.1"
    },
    "release": {
      "name": "node",
      "lts": "Erbium",
      "headersUrl": "https://nodejs.org/download/release/v12.13.1/node-v12.13.1-headers.tar.gz",
      "sourceUrl": "https://nodejs.org/download/release/v12.13.1/node-v12.13.1.tar.gz",
      "libUrl": "https://nodejs.org/download/release/v12.13.1/win-x64/node.lib"
    },
    "osName": "Windows_NT",
    "osRelease": "10.0.18362",
    "osVersion": "Windows 10 Pro",
    "osMachine": "x86_64",
    "cpus": [
      {
        "model": "Intel(R) Core(TM) i7-6700HQ CPU @ 2.60GHz",
        "speed": 2592,
        "user": 5707625,
        "nice": 0,
        "sys": 5297875,
        "idle": 69994312,
        "irq": 1037312
      },
      {
        "model": "Intel(R) Core(TM) i7-6700HQ CPU @ 2.60GHz",
        "speed": 2592,
        "user": 2095656,
        "nice": 0,
        "sys": 2252250,
        "idle": 76651593,
        "irq": 174468
      },
      {
        "model": "Intel(R) Core(TM) i7-6700HQ CPU @ 2.60GHz",
        "speed": 2592,
        "user": 7929656,
        "nice": 0,
        "sys": 3353875,
        "idle": 69715953,
        "irq": 233609
      },
      {
        "model": "Intel(R) Core(TM) i7-6700HQ CPU @ 2.60GHz",
        "speed": 2592,
        "user": 2644234,
        "nice": 0,
        "sys": 2139625,
        "idle": 76215640,
        "irq": 365546
      },
      {
        "model": "Intel(R) Core(TM) i7-6700HQ CPU @ 2.60GHz",
        "speed": 2592,
        "user": 4839234,
        "nice": 0,
        "sys": 3020890,
        "idle": 73139375,
        "irq": 548343
      },
      {
        "model": "Intel(R) Core(TM) i7-6700HQ CPU @ 2.60GHz",
        "speed": 2592,
        "user": 1914843,
        "nice": 0,
        "sys": 1698453,
        "idle": 77386203,
        "irq": 174109
      },
      {
        "model": "Intel(R) Core(TM) i7-6700HQ CPU @ 2.60GHz",
        "speed": 2592,
        "user": 4266156,
        "nice": 0,
        "sys": 2204718,
        "idle": 74528593,
        "irq": 112656
      },
      {
        "model": "Intel(R) Core(TM) i7-6700HQ CPU @ 2.60GHz",
        "speed": 2592,
        "user": 3842718,
        "nice": 0,
        "sys": 2503609,
        "idle": 74653140,
        "irq": 107375
      }
    ],
    "networkInterfaces": [
      {
        "name": "Wi-Fi",
        "internal": false,
        "mac": "a4:34:d9:2e:1e:45",
        "address": "fe80::69e5:6ac5:3c6a:d15",
        "netmask": "ffff:ffff:ffff:ffff::",
        "family": "IPv6",
        "scopeid": 10
      },
      {
        "name": "Wi-Fi",
        "internal": false,
        "mac": "a4:34:d9:2e:1e:45",
        "address": "192.168.1.70",
        "netmask": "255.255.255.0",
        "family": "IPv4"
      },
      {
        "name": "Loopback Pseudo-Interface 1",
        "internal": true,
        "mac": "00:00:00:00:00:00",
        "address": "::1",
        "netmask": "ffff:ffff:ffff:ffff:ffff:ffff:ffff:ffff",
        "family": "IPv6",
        "scopeid": 0
      },
      {
        "name": "Loopback Pseudo-Interface 1",
        "internal": true,
        "mac": "00:00:00:00:00:00",
        "address": "127.0.0.1",
        "netmask": "255.0.0.0",
        "family": "IPv4"
      }
    ],
    "host": "DESKTOP-8E6GMTP"
  },
  "javascriptStack": {
    "message": "No stack.",
    "stack": [
      "Unavailable."
    ]
  },
  "nativeStack": [
    {
      "pc": "0x00007ff6faa91729",
      "symbol": "std::basic_ostream<char,std::char_traits<char> >::operator<<+10873"
    },
    {
      "pc": "0x00007ff6faa95b4c",
      "symbol": "std::basic_ostream<char,std::char_traits<char> >::operator<<+28316"
    },
    {
      "pc": "0x00007ff6faa94b08",
      "symbol": "std::basic_ostream<char,std::char_traits<char> >::operator<<+24152"
    },
    {
      "pc": "0x00007ff6fab8369b",
      "symbol": "v8::base::CPU::has_sse+37723"
    },
    {
      "pc": "0x00007ff6fb3882de",
      "symbol": "v8::Isolate::ReportExternalAllocationLimitReached+94"
    },
    {
      "pc": "0x00007ff6fb370321",
      "symbol": "v8::SharedArrayBuffer::Externalize+833"
    },
    {
      "pc": "0x00007ff6fb23dbec",
      "symbol": "v8::internal::Heap::EphemeronKeyWriteBarrierFromCode+1436"
    },
    {
      "pc": "0x00007ff6fb25b112",
      "symbol": "v8::internal::Factory::NewFixedDoubleArray+98"
    },
    {
      "pc": "0x00007ff6fb13b1bc",
      "symbol": "v8::Object::GetIsolate+3708"
    },
    {
      "pc": "0x00007ff6fafef13a",
      "symbol": "v8::internal::OrderedHashMap::ValueAt+61274"
    },
    {
      "pc": "0x00007ff6fb7b404d",
      "symbol": "v8::internal::SetupIsolateDelegate::SetupHeap+567949"
    },
    {
      "pc": "0x000001d7cb244ec4",
      "symbol": ""
    }
  ],
  "javascriptHeap": {
    "totalMemory": 1714028544,
    "totalCommittedMemory": 1714028544,
    "usedMemory": 1679330392,
    "availableMemory": 500776136,
    "memoryLimit": 2197815296,
    "heapSpaces": {
      "read_only_space": {
        "memorySize": 262144,
        "committedMemory": 262144,
        "capacity": 261872,
        "used": 32296,
        "available": 229576
      },
      "new_space": {
        "memorySize": 33554432,
        "committedMemory": 33554432,
        "capacity": 16759808,
        "used": 0,
        "available": 16759808
      },
      "old_space": {
        "memorySize": 1683456,
        "committedMemory": 1683456,
        "capacity": 1415032,
        "used": 1415032,
        "available": 0
      },
      "code_space": {
        "memorySize": 425984,
        "committedMemory": 425984,
        "capacity": 156640,
        "used": 156640,
        "available": 0
      },
      "map_space": {
        "memorySize": 528384,
        "committedMemory": 528384,
        "capacity": 206080,
        "used": 206080,
        "available": 0
      },
      "large_object_space": {
        "memorySize": 671010816,
        "committedMemory": 671010816,
        "capacity": 671006664,
        "used": 671006664,
        "available": 0
      },
      "code_large_object_space": {
        "memorySize": 49152,
        "committedMemory": 49152,
        "capacity": 3552,
        "used": 3552,
        "available": 0
      },
      "new_large_object_space": {
        "memorySize": 1006514176,
        "committedMemory": 1006514176,
        "capacity": 1006510128,
        "used": 1006510128,
        "available": 0
      }
    }
  },
  "resourceUsage": {
    "userCpuSeconds": 2.5,
    "kernelCpuSeconds": 1.359,
    "cpuConsumptionPercent": 128.633,
    "maxRss": 1859031040,
    "pageFaults": {
      "IORequired": 751607,
      "IONotRequired": 0
    },
    "fsActivity": {
      "reads": 1,
      "writes": 5
    }
  },
  "libuv": [
  ],
  "environmentVariables": {
    "ALLUSERSPROFILE": "C:\\ProgramData",
    "APPDATA": "C:\\Users\\kumar\\AppData\\Roaming",
    "COLORTERM": "truecolor",
    "COMMONPROGRAMFILES": "C:\\Program Files\\Common Files",
    "COMPUTERNAME": "DESKTOP-8E6GMTP",
    "COMSPEC": "C:\\WINDOWS\\system32\\cmd.exe",
    "CommonProgramFiles(x86)": "C:\\Program Files (x86)\\Common Files",
    "CommonProgramW6432": "C:\\Program Files\\Common Files",
    "DriverData": "C:\\Windows\\System32\\Drivers\\DriverData",
    "EXEPATH": "C:\\Program Files\\Git\\bin",
    "HOME": "C:\\Users\\kumar",
    "HOMEDRIVE": "C:",
    "HOMEPATH": "\\Users\\kumar",
    "LANG": "en_US.UTF-8",
    "LOCALAPPDATA": "C:\\Users\\kumar\\AppData\\Local",
    "LOGONSERVER": "\\\\DESKTOP-8E6GMTP",
    "MSYSTEM": "MINGW64",
    "NUMBER_OF_PROCESSORS": "8",
    "OLDPWD": "C:/Users/kumar/Desktop/CodeX/code-interview",
    "OS": "Windows_NT",
    "OneDrive": "C:\\Users\\kumar\\OneDrive",
    "OneDriveConsumer": "C:\\Users\\kumar\\OneDrive",
    "PATH": "C:\\Program Files\\Git\\mingw64\\bin;C:\\Program Files\\Git\\usr\\bin;C:\\Users\\kumar\\bin;C:\\Windows\\system32;C:\\Windows;C:\\Windows\\System32\\Wbem;C:\\Windows\\System32\\WindowsPowerShell\\v1.0;C:\\Program Files (x86)\\NVIDIA Corporation\\PhysX\\Common;C:\\WINDOWS\\system32;C:\\WINDOWS;C:\\WINDOWS\\System32\\Wbem;C:\\WINDOWS\\System32\\WindowsPowerShell\\v1.0;C:\\Program Files\\Git\\cmd;C:\\WINDOWS\\System32\\OpenSSH;C:\\Program Files\\Microsoft VS Code\\bin;C:\\Program Files\\nodejs;C:\\Users\\kumar\\AppData\\Local\\Microsoft\\WindowsApps;C:\\Program Files\\Microsoft VS Code\\bin;C:\\Users\\kumar\\AppData\\Roaming\\npm",
    "PATHEXT": ".COM;.EXE;.BAT;.CMD;.VBS;.VBE;.JS;.JSE;.WSF;.WSH;.MSC",
    "PLINK_PROTOCOL": "ssh",
    "PROCESSOR_ARCHITECTURE": "AMD64",
    "PROCESSOR_IDENTIFIER": "Intel64 Family 6 Model 94 Stepping 3, GenuineIntel",
    "PROCESSOR_LEVEL": "6",
    "PROCESSOR_REVISION": "5e03",
    "PROGRAMFILES": "C:\\Program Files",
    "PS1": "\\[\\033]0;$TITLEPREFIX:$PWD\\007\\]\\n\\[\\033[32m\\]\\u@\\h \\[\\033[35m\\]$MSYSTEM \\[\\033[33m\\]\\w\\[\\033[36m\\]`__git_ps1`\\[\\033[0m\\]\\n$ ",
    "PSModulePath": "C:\\Program Files\\WindowsPowerShell\\Modules;C:\\WINDOWS\\system32\\WindowsPowerShell\\v1.0\\Modules",
    "PUBLIC": "C:\\Users\\Public",
    "PWD": "C:/Users/kumar/Desktop/CodeX/code-interview/_interview/vmware",
    "ProgramData": "C:\\ProgramData",
    "ProgramFiles(x86)": "C:\\Program Files (x86)",
    "ProgramW6432": "C:\\Program Files",
    "SESSIONNAME": "Console",
    "SHLVL": "1",
    "SYSTEMDRIVE": "C:",
    "SYSTEMROOT": "C:\\WINDOWS",
    "TEMP": "C:\\Users\\kumar\\AppData\\Local\\Temp",
    "TERM": "cygwin",
    "TERM_PROGRAM": "vscode",
    "TERM_PROGRAM_VERSION": "1.38.1",
    "TMP": "C:\\Users\\kumar\\AppData\\Local\\Temp",
    "USERDOMAIN": "DESKTOP-8E6GMTP",
    "USERDOMAIN_ROAMINGPROFILE": "DESKTOP-8E6GMTP",
    "USERNAME": "kumar",
    "USERPROFILE": "C:\\Users\\kumar",
    "WINDIR": "C:\\WINDOWS",
    "_": "C:/Program Files/nodejs/node"
  },
  "sharedObjects": [
    "C:\\Program Files\\nodejs\\node.exe",
    "C:\\WINDOWS\\SYSTEM32\\ntdll.dll",
    "C:\\WINDOWS\\System32\\KERNEL32.DLL",
    "C:\\WINDOWS\\System32\\KERNELBASE.dll",
    "C:\\WINDOWS\\System32\\WS2_32.dll",
    "C:\\WINDOWS\\System32\\RPCRT4.dll",
    "C:\\WINDOWS\\System32\\ADVAPI32.dll",
    "C:\\WINDOWS\\SYSTEM32\\dbghelp.dll",
    "C:\\WINDOWS\\System32\\msvcrt.dll",
    "C:\\WINDOWS\\System32\\ucrtbase.dll",
    "C:\\WINDOWS\\System32\\sechost.dll",
    "C:\\WINDOWS\\System32\\USER32.dll",
    "C:\\WINDOWS\\System32\\win32u.dll",
    "C:\\WINDOWS\\System32\\GDI32.dll",
    "C:\\WINDOWS\\System32\\gdi32full.dll",
    "C:\\WINDOWS\\System32\\msvcp_win.dll",
    "C:\\WINDOWS\\System32\\PSAPI.DLL",
    "C:\\WINDOWS\\System32\\CRYPT32.dll",
    "C:\\WINDOWS\\System32\\MSASN1.dll",
    "C:\\WINDOWS\\System32\\bcrypt.dll",
    "C:\\WINDOWS\\SYSTEM32\\IPHLPAPI.DLL",
    "C:\\WINDOWS\\SYSTEM32\\USERENV.dll",
    "C:\\WINDOWS\\System32\\profapi.dll",
    "C:\\WINDOWS\\SYSTEM32\\WINMM.dll",
    "C:\\WINDOWS\\SYSTEM32\\winmmbase.dll",
    "C:\\WINDOWS\\System32\\cfgmgr32.dll",
    "C:\\WINDOWS\\System32\\bcryptPrimitives.dll",
    "C:\\WINDOWS\\System32\\IMM32.DLL",
    "C:\\WINDOWS\\System32\\powrprof.dll",
    "C:\\WINDOWS\\System32\\UMPDC.dll",
    "C:\\WINDOWS\\SYSTEM32\\CRYPTBASE.DLL",
    "C:\\WINDOWS\\system32\\uxtheme.dll",
    "C:\\WINDOWS\\System32\\combase.dll",
    "C:\\WINDOWS\\system32\\mswsock.dll",
    "C:\\WINDOWS\\System32\\kernel.appcore.dll",
    "C:\\WINDOWS\\System32\\NSI.dll",
    "C:\\WINDOWS\\SYSTEM32\\dhcpcsvc6.DLL",
    "C:\\WINDOWS\\SYSTEM32\\dhcpcsvc.DLL",
    "C:\\WINDOWS\\SYSTEM32\\DNSAPI.dll",
    "C:\\WINDOWS\\system32\\napinsp.dll",
    "C:\\WINDOWS\\system32\\pnrpnsp.dll",
    "C:\\WINDOWS\\System32\\winrnr.dll",
    "C:\\WINDOWS\\system32\\NLAapi.dll",
    "C:\\WINDOWS\\system32\\wshbth.dll"
  ]
}